Balland Field,6,2004-06-01,S/1219/04/F,Conservatory,,A,2004-06-29,11
Balland Field,6,2000-05-01,S/0855/00/F,Extension,,N,,
Balland Field,8,2007-05-01,S/0871/07/F,Extension,,N,2007-05-22,iv
Balland Field,14,2000-04-01,S/0691/00/F,Extension,,N,,
Balland Field,17,2007-04-01,S/0365/07/F,Conservatory,,A,2007-04-02,6ii
Balland Field,32,2002-05-01,S/1012/02/F,Conservatory,,A,,
Balland Field,33,2011-09-01,S/1789/11/,Extension,,A,2011-09-27,6iii
Balland Field,37,2002-09-01,S/1792/02/F,Extension,,A,,
Balland Field,60,2001-07-01,S/1340/01/F,Extension,,R,,
Balland Field,62,2000-04-01,S/0690/00/F,Extension,,R,,
Balland Field,68,2002-05-01,S/0974/02/F,Extension,,A,,
Balland Field,75,1999-05-01,S/0734/99/F,Extension,,N,,
Balland Field,78,1999-12-01,S/1992/99/F,Extension,,N,,
Balland Field,87,2006-10-01,S/1853/06/F,Extension,,R,2006-10-23,7i
Balland Field,101,2002-06-01,S/1209/02/F,Extension,,N,,
Balland Field,104,2002-02-01,S/0259/02/F,Extension,,A,,
Balland Field,110,2004-06-01,S/1280/04/F,Extension,,A,2004-07-15,2
Balland Field,112,2002-05-01,S/0920/02/F,Conservatory,,A,,
Balland Field,115,2010-02-01,S/1953/09/F,Extension,,A,2010-02-01,7ii
Balland Field,121,2005-10-01,S/1784/05/F,Extension,,A,2005-10-18,6i
Balland Field,129,2005-10-01,S/1906/05/F,Extension,,R,2005-10-18,6viii
Berrycroft,7,2009-02-01,S/0083/09/O,Dwelling,,A,2009-02-23,7i
Berrycroft,7,2010-09-01,S/1348/10/O,Dwelling,,N,2010-09-15,7ii
Berrycroft,7,2011-07-01,S/1276/11/,Dwelling,,A,2011-07-28,6iii
Berrycroft,16,2007-10-01,S/1784/07/F,Change of Use,,R,2007-10-04,6iii
Berrycroft,17,2005-08-01,S/1462/05/F,Extension,,A,2005-08-17,4ii
Berrycroft,18,2000-04-01,S/0631/00/F,Change of Use,,R,,
Berrycroft,27,2007-10-01,S/1830/07/L,Alteration,Alterations to LB,A,2007-10-29,7i
Berrycroft,27,2002-01-01,S/0096/02/F,Outbuilding,Carport and Store,N,,
Berrycroft,,1999-10-01,S/1618/99/F,Change of Use,,R,,
Berrycroft,,2001-09-01,S/1702/01/F,Change of Use,,A,,
Berrycroft,,2000-10-01,S/1933/00/F,Development,,N,,
Berrycroft,,2004-07-01,S/2238/03/F,Section 106,,A,2004-07-01,1
Bourneys Manor Close,26,2006-08-01,S/1596/06/F,Conservatory,,A,2006-08-21,6iv
Bourneys Manor Close,62,2012-11-01,S/2319/12/F,Conversion,Loft,N,2012-11-27,6ii
Bourneys Manor Close,64,2009-08-01,S/0986/09/F,Extension,,A,2009-08-17,7i
Brickhills,42,2001-09-01,S/1789/01/F,Change to Parking,Change to Parking,R,,
Brickhills,45,2000-10-01,S/1982/00/F,Alteration,,A,,
Brickhills,47,2002-03-01,S/0626/02/F,Conservatory,,A,,
Brickhills,57,2011-04-01,S/0733/11/,Major Development,,R,2011-04-27,9i
Brickhills,64,2004-03-01,S/0647/04/F,Extension,,A,,
Brickhills,,2010-03-01,S/0014/10/F,Amendment,,R,2010-03-22,7i
Brickhills,,2010-02-01,S/0014/10/F,Major Development,,R,2010-02-01,7iii
Church Lane,11,2012-11-01,S/2331/12/F,Extension,,A,2012-11-27,6v
Church Lane,,2005-05-01,S/0898/05/L,Cemetery,Wall,A,2005-05-19,3f
Church Lane,,2005-05-01,S/0899/05/F,Cemetery,Wall,A,2005-05-19,3g
Church Street,1,2006-10-01,S/1858/06/F,Roof,Solar Panels,A,2006-10-23,7ii
Church Street,1,2007-06-01,S/0932/07/F,Roof,Solar Panels,A,2007-06-15,7i
Church Street,1,2005-02-01,S/0215/05/F,Satellite Dish,,A,2005-03-10,3b
Church Street,4,2009-04-01,C1140100,Tree Works,,A,2009-04-21,7ii
Church Street,4,2011-11-01,C1140100,Tree Works,,A,2011-11-08,6ii
Church Street,5,2002-08-01,S/1309/02/F,Alteration,,N,,
Church Street,7,2002-01-01,S/0190/02/F,Extension,,N,,
Church Street,9,2002-02-01,S/0265/02/F,Conversion,Loft,N,,
Church Street,12,2002-03-01,S/0563/02/F,Alteration,,A,,
Church Street,12,2004-07-01,S/1381/04/F,Extension,,A,2004-07-28,2
Church Street,12,2011-09-01,C1140100,Tree Works,,A,2011-09-08,6iii
Church Street,15,1999-10-01,S/1260/99/F,Development,,R,,
Church Street,23,2006-05-01,S/0898/06/F,Business,Shop and Flat,R,2006-05-23,7iv
Church Street,23,2004-01-01,S/0157/04/L,Change of Use,,R,,
Church Street,23,2004-07-01,S/1477/04/F,Change of Use,,R,2004-07-28,6A
Church Street,23,2007-10-01,S/1786/07/F,Change of Use,,A,2007-10-04,6iv
Church Street,23,2006-05-01,S/0897/06/C,Demolition,,A,2006-05-23,7iii
Church Street,29,2003-09-01,S/1893/03/L,Alteration,,A,,
Church Street,29,2003-09-01,S/1894/03/F,Extension,,A,,
Church Street,31,2005-04-01,S/0788/05/F,Change of Use,,R,2005-05-19,3a
Church Street,31,2005-06-01,S/0788/05/F,Change of Use,,R,2005-06-30,3e
Church Street,31,2001-10-01,S/1851/01/F,Extension,,A,,
Church Street,33,2010-06-01,S/0674/10/F,Extension,,A,2010-06-07,7i
Church Street,33,2011-04-01,S/0321/11/,Extension,,A,2011-04-04,7i
Church Street,33,2005-05-01,C1140100,Tree Work,,A,2005-06-09,3d
Church Street,35,2001-08-01,S/1555/01/F,Change of Use,,A,,
Church Street,35,2002-11-01,S/2302/02/O,Development,,A,,
Church Street,35,2004-05-01,S/1012/04/F,Extension,,A,,
Church Street,36,2010-09-01,S/1215/10/F,Advertisement,Signs,A,2010-09-15,7i
Church Street,36,2008-12-01,S/2027/08/F,Change of Use,,R,2008-12-10,7iii
Church Street,41,2008-09-01,S/1576/08/F,Conservatory,,A,2008-09-30,7iii
Church Street,41,2004-01-01,S/2551/03/O,Development,,R,,
Church Street,41,2005-06-01,S/1101/05/F,Development,,R,2005-06-30,3b
Church Street,43,2002-03-01,S/0616/02/F,Conservatory,,N,,
Church Street,43,2010-03-01,C1140100,Tree Work,,A,2010-03-03,DA
Church Street,48,2000-02-01,S/0261/00/R,Development,,R,,
Church Street,49,2012-10-01,S/2065/12/F,Boundary,Railings and Gates,A,2012-10-24,6ii
Church Street,49,2012-10-01,S/2066/12/C,Demolition,Wall,A,2012-10-24,6i
Church Street,50,2012-01-01,S/2405/11/,Change of Use,,A,2012-01-30,6iv
Church Street,50,2011-07-01,C1140100,Tree Work,,A,2011-07-12,6iii
Church Street,52,1999-03-01,S/0390/99/C,Demolition,,,,
Church Street,52,1999-03-01,S/0391/99/F,Development,,A,,
Church Street,52,2000-08-01,S/1544/00/F,Development,,A,,
Church Street,55,2005-09-01,S/1644/05/F,Advertisement,Lanterns,A,2005-09-26,7i
Church Street,55,2004-09-01,S/1985/04/A,Advertisement,Signs,A,2004-10-08,3g
Church Street,55,2005-01-01,S/1985/04/A,Advertisement,Signs,A,2005-02-21,3b
Church Street,56,2004-12-01,S/2417/04/F,Boundary,Wall,A,2004-12-14, 
Church Street,56,2005-09-01,S/1745/05/F,Boundary,Wall,A,2005-09-26,7ix
Church Street,60,2006-01-01,S/2381/05/L,Alteration,,A,2006-01-10,7ii
Church Street,60,2006-01-01,S/2382/05/F,Alteration,,A,2006-01-10,7ii
Church Street,61,2005-02-01,S/0271/05/F,Extension,,A,2005-03-10,3a
Church Street,61,2007-07-01,S/1144/07/F,Outbuilding,Carport and Stores,A,2007-07-16,6ii
Church Street,62,2002-02-01,S/0389/02/F,Conversion,Barn,N,,
Church Street,63,2002-10-01,S/2079/02/F,Extension,,A,,
Church Street,63,2011-08-01,S/1413/11/,Extension,,A,2011-08-10,6i
Church Street,63,2009-07-01,S/0790/09/F,Garage,,A,2009-07-06,DP
Church Street,64,2004-07-01,S/1469/04/L,Alteration,,A,2004-07-28,5
Church Street,64,2008-06-01,S/0810/08/L,Alteration,,A,2008-06-17,7iv
Church Street,64,2010-10-01,S/1648/10/L,Alteration,,A,2010-10-26,7iii
Church Street,64,2010-10-01,S/1650/10/L,Alteration,,A,2010-10-26,7iv
Church Street,64,2010-11-01,S/1965/10/,Alteration,,R,2010-11-29,7ii
Church Street,64,2011-02-01,C1140100,Tree Work,,A,2011-02-24,DA
Church Street,65,2003-12-01,S/2247/03/L,Alteration,,A,,
Church Street,65,2004-02-01,S/0144/04/F,Alteration,,N,,
Church Street,65,2004-03-01,S/0429/04/L,Alteration,,A,,
Church Street,65,2004-03-01,S/0428/04/L,Extension,,A,,
Church Street,46c,2011-04-01,C1140100,Tree Work,,A,2011-04-27,9ii
Church Street,,2011-10-01,S/1730/11/,Change of Use,,N,2011-10-24,6i
Church Street,,2005-12-01,S/2202/05/C,Fence,Fence and Gate,R,2005-12-14,6v
Conference Close,2,2006-12-01,S/2274/06/F,Change of Use,Land Use,N,2006-12-21,6ii
Covent Garden,55,2007-12-01,S/2258/07/F,Conversion,Loft,N,2007-12-17,6iii
Covent Garden,,2001-10-01,S/1572/01/F,Major Development,,R,,
Earith Road,6,2001-08-01,S/1059/01/O,Development,,R,,
Earith Road,6,2006-07-01,S/1290/06/F,Development,,N,2006-07-11,7ii
Earith Road,6,2007-04-01,S/0535/07/F,Development,,N,2007-04-24,7ii
Earith Road,6,2005-01-01,S/0043/05/F,Major Development,,R,2005-01-31,3c
Earith Road,6,2005-09-01,S/1710/05/F,Major Development,,R,2005-09-26,7vii
Earith Road,6,2007-05-01,S/0704/07/F,Modification,,A,2007-05-22,ii
Earith Road,6,2007-06-01,S/0704/07/F,Modification,,N,2007-06-15,7ii
Earith Road,6,2004-07-01,S/1536/04/F,Variation,,NC,2004-08-12,3d
Earith Road,11,2008-08-01,S/1249/08/F,Dwelling,,A,2008-08-12,7iv
Earith Road,14,2001-12-01,S/2295/01/F,Conservatory,,N,,
Earith Road,16,2005-06-01,S/1076/05/F,Extension,,A,2005-06-09,3e
Earith Road,16,2005-09-01,S/1742/05/F,Extension,,A,2005-09-26,7viii
Earith Road,18,2000-10-01,S/1861/00/F,Window,Bay,A,,
Earith Road,26,1999-07-01,S/1109/99/F,Extension,,N,,
Earith Road,43,2008-04-01,S/0573/08/O,Dwelling,Dwelling and Garage,N,2008-04-23,7i
Earith Road,43,2010-03-01,S/0172/10/R,Dwelling,Dwelling and Garage,A,2010-03-09,7i
Earith Road,43,2010-06-01,S/0172/10/R,Dwelling,Dwelling and Garage,A,2010-06-28,7ii
Earith Road,45,1999-06-01,S/1029/99/F,Conservatory,,N,,
Earith Road,45,2004-03-01,S/0167/04/F,Extension,,N,,
Earith Road,45,2012-11-01,S/2359/12/F,Extension,,A,2012-11-27,6viii
Earith Road,46,2004-02-01,S/0180/04/F,Access,,A,,
Earith Road,52,2006-04-01,S/0590/06/F,Extension,To Garage,A,2006-04-10,6iv
Earith Road,55,1999-06-01,S/0881/99/F,Extension,,N,,
Earith Road,55,2002-10-01,S/1975/02/F,Extension,,A,,
Earith Road,55,2011-07-01,S/1280/11/,Extension,,A,2011-07-28,6i
Earith Road,55,2001-03-01,S/0510/01/F,Garage,,A,,
Earith Road,57,2004-03-01,S/0263/04/F,Extension,,N,,
Earith Road,63,2007-09-01,S/1611/07/F,Extension,,A,2007-09-11,6i
Earith Road,67,2002-10-01,S/2090/02/O,Development,,R,,
Earith Road,67,2004-07-01,S/1500/04/R,Development,,N,2004-08-12,3a
Earith Road,67,2005-04-01,S/0702/05/F,Dwelling,,N,2005-04-26,3b
Earith Road,67,2005-10-01,S/1772/05/F,Dwelling,,A,2005-10-18,6vii
Earith Road,67,2010-04-01,S/0462/10/F,Dwelling,,A,2010-04-12,7iii
Earith Road,73,2002-01-01,S/0120/02/F,Extension,,N,,
Earith Road,76,2006-11-01,S/2002/06/F,Extension,,A,2006-11-13,6ii
Earith Road,,2006-07-01,S/1291/06/F,Business,Lock Centre Building,A,2006-07-11,7iii
Earith Road,,2006-08-01,S/1478/06/F,Business,Lock Centre Building,A,2006-08-21,6iii
Earith Road,,2002-01-01,S/0205/02/F,Change of Use,,A,,
Earith Road,,2004-09-01,S/1944/04/F,Extension,,A,2004-10-08,3a
Earith Road,,2004-12-01,S/2460/04/F,Extension,,A,2004-12-14,3d
Earith Road,,2006-04-01,S/0587/06/F,Garage,Triple Garage,A,2006-04-10,6v
Earith Road,,2000-11-01,S/2081/00/F,Mobile Home,,A,,
Earith Road,,2001-08-01,S/1561/01/F,Variation,,A,,
Earith Road,,2001-12-01,S/2342/01/F,Variation,,A,,
Earith Road,,2002-10-01,S/2026/02/L,Variation,,R,,
Elm Way,1,1999-08-01,S/1240/99/F,Extension,,N,,
Elm Way,7,2009-01-01,S/2131/08/F,Conversion,Garage,N,2009-01-29,7iv
Elm Way,7,2008-08-01,S/1396/08/F,Extension,,R,2008-08-28,6vi
Elm Way,7,2008-11-01,S/1807/08/F,Extension,,A,2008-11-13,7ii
Fen End,1,1999-11-01,S/1752/99/F,Extension,,A,,
Fen End,3,2002-12-01,S/2398/02/F,Development,,R,,
Fen End,3,2004-06-01,S/0103/04/F,Development,,R,2004-06-29,13
Fen End,3,2005-06-01,S/0103/04/F,Development,,R,2005-06-30,3d
Fen End,3,2005-09-01,S/1657/05/F,Extension,,A,2005-09-26,7iv
Fen End,22,2012-07-01,S/1180/12/F,Development,,A,2012-07-11,6i
Fen End,28,2004-12-01,S/2569/04/F,Conservatory,,A,2005-01-10,3d
Fen End,31,1999-05-01,S/2037/98/F,Development,,N,,
Fen End,31,2001-05-01,S/1025/01/F,Extension,,A,,
Fen End,32,2004-02-01,S/0136/04/F,Development,,R,,
Fen End,32,2004-06-01,S/1207/04/F,Development,,R,2004-06-29,8
Fen End,34,2003-08-01,S/1724/03/F,Development,,A,,
Fen End,34,2004-07-01,S/1514/04/O,Development,,R,2004-08-12,3c
Fen End,34,2007-11-01,S/1985/07/O,Development,,R,2007-11-20,6ii
Fen End,34,2009-04-01,S/0271/09/F,Dwelling,Bungalow,A,2009-04-28,7iii
Fen End,34,2004-03-01,S/0498/04/F,Garage,,A,,
Fen End,45,2011-10-01,S/1880/11/,Extension,,N,2011-10-24,6ii
Fen End,51,2004-09-01,S/1814/04/F,Extension,,A,2004-09-16,3f
Fen End,55,2004-03-01,S/0631/04/F,Change of Use,,A,,
Fen End,,2000-08-01,S/1569/00/F,Alteration,,A,,
Fen End,,2002-01-01,S/0612/96/F,Extension,,N,,
Fen End,,2008-04-01,S/0423/08/F,Extension,,A,2008-04-09,6i
Fen End,,2008-08-01,S/1335/08/F,Extension,,A,2008-08-28,7i
Fen End,,2008-08-01,S/1291/08/F,Major Development,,R,2008-08-28,7iii
Flat Road,,2005-02-01,S/0254/05/F,Development,,A,2005-02-21,3a
Flat Road,,2005-04-01,S/0818/05/F,Development,,A,2005-05-19,3b
George Street,1,2006-12-01,S/2141/06/L,Alteration,,A,2006-12-04,6i
George Street,1,2004-10-01,S/2161/04/L,Conversion,,A,2004-11-08,3g
George Street,1,2004-10-01,S/2162/04/F,Extension,,A,2004-11-08,3h
George Street,1,2012-06-01,S/1139/12/F,Outbuilding,Shed,N,2012-06-27,6iii
George Street,5,2010-02-01,S/0100/10/F,Extension,,A,2010-02-15,7i
George Street,5,2009-11-01,C1140100,Tree Work,,N,2009-11-16,7iv
George Street,,2001-10-01,S/1937/01/F,Extension,,A,,
George Street,,2007-07-01,S/1238/07/F,Extension,,A,2007-07-16,6iii
George Street,,2012-02-01,C1140100,Tree Work,,A,2012-02-13,7i
Green Street,5,2011-02-01,S/2235/10/,Extension,,A,2011-02-08,8i
Green Street,5,2008-02-01,S/0222/08/LDC,Lawful Development,Certificate,N,2008-02-26,6iii
Green Street,6,2004-10-01,S/2148/04/F,Annexe,,R,2004-11-08,3f
Green Street,6,2006-01-01,S/2366/05/F,Conversion,Barn,N,2006-01-10,7i
Green Street,6,2007-01-01,S/2436/06/F,Conversion,Barn,R,2007-01-31,7i
Green Street,9,2000-01-01,S/0126/00/F,Extension,,N,,
Green Street,12,2010-03-01,S/0234/10/F,Major Development,,R,2010-03-09,7ii
Green Street,12,2010-06-01,S/0234/10/F,Major Development,,R,2010-06-28,7i
Green Street,12,2011-01-01,S/2285/10/,Major Development,,R,2011-01-19,7i
Green Street,12,2012-10-01,S/2011/12/VC,Variation,Variation of Condition,N,2012-10-24,6vii
Green Street,14,1999-02-01,S/0250/99/F,Conservatory,,A,,
Green Street,15,2009-04-01,S/0441/09/O,Development,,N,2009-04-28,7ii
Green Street,15,2010-12-01,S/2091/10/,Dwelling,,N,2010-12-13,7i
Green Street,15,2011-11-01,S/1947/11/,Dwelling,,N,2011-11-24,6ii
Green Street,15,2012-06-01,S/1947/11/,Dwelling,,N,2012-06-27,6i
Green Street,16,2007-10-01,S/1817/07/F,Dwelling,,A,2007-10-24,S
Green Street,16,2007-02-01,S/0133/07/O,Major Development,,R,2007-02-21,6iii
Green Street,16,2009-12-01,S/1625/09/F,Major Development,,R,2009-12-21,7iii
Green Street,17,2004-06-01,S/0710/04/O,Major Development,,R,2004-06-29,10
Green Street,17,2007-10-01,S/1874/07/R,Major Development,,N,2007-10-29,7iv
Green Street,21,2001-10-01,S/2040/01/O,Development,,R,,
Green Street,21,2007-10-01,S/1909/07/F,Development,,R,2007-10-29,7v
Green Street,21,2008-08-01,S/1362/08/F,Development,,R,2008-08-28,7iv
Green Street,21,2010-04-01,S/1901/07/F,Development,,N,2010-04-26,7iii
Green Street,22,2005-04-01,S/0672/05/O,Dwelling,,N,2005-04-26,3a
Green Street,22,2006-04-01,S/0701/06/F,Dwelling,,R,2006-04-26,7ii
Green Street,22,2006-06-01,S/1151/06/F,Dwelling,Dwelling & Garages,A,2006-06-29,6i
Green Street,22,2006-12-01,S/2154/06/F,Extension,,A,2006-12-04,6iv
Green Street,23,2006-05-01,S/0865/06/O,Development,,N,2006-05-23,7ii
Green Street,23,2002-07-01,S/1458/02/O,Major Development,,R,,
Green Street,23,2003-02-01,S/0023/03/O,Major Development,,R,,
Green Street,23,2004-06-01,S/1266/04/R,Major Development,,R,2004-07-15,4
Green Street,33,2003-02-01,S/0385/03/O,Development,,R,,
Green Street,33,2012-12-01,S/2406/12/F,Extension,,A,2012-12-11,6ii
Green Street,,2008-04-01,S/0320/08/F,Changes to Green,Changes to Green,A,2008-04-09,6ii
Green Street,,2000-03-01,S/0354/00/F,Major Development,,R,,
Haden Way,11,2005-12-01,S/2197/05/F,Conservatory,,A,2005-12-14,6iii
Haden Way,11,2012-02-01,S/0182/12/F,Extension,,A,2012-02-13,6i
Haden Way,18,2008-02-01,S/0193/08/F,Extension,,N,2008-02-26,6ii
Haden Way,22,2012-01-01,S/2566/11/,Extension,,A,2012-01-30,6ii
Haden Way,22,2012-05-01,S/0830/12/F,Extension,,A,2012-05-23,8i
Haden Way,48,2011-04-01,S/0554/11/,Dwelling,,N,2011-04-04,DP
Haden Way,56,2004-06-01,S/0738/04/F,Conservatory,,N,2004-06-29,6
Haden Way,56,2002-07-01,S/1537/02/O,Development,,R,,
Haden Way,56,2005-08-01,S/1607/05/F,Fence,Fencing,N,2005-08-31,6ii
Haden Way,25a,2005-05-01,S/1028/05/O,Development,,A,2005-06-09,3c
Haden Way,25a,2006-01-01,S/2440/05/R,Development,,A,2006-01-10,7iii
Haden Way,,2010-02-01,S/1699/09/F,Amendment,,R,2010-02-01,7i
Haden Way,,2009-12-01,S/1699/09/F,Change of Use,,R,2009-12-21,7iv
Haden Way,,2011-01-01,S/2059/10/,Change of Use,,R,2011-01-19,7ii
Haden Way,,2010-04-01,S/0411/10/F,Extension,,A,2010-04-26,7i
Haden Way,,2007-08-01,S/1481/07/F,Parking,Bays,A,2007-08-29,6i
Hanson,,1999-03-01,S/1289/93/F,Extraction,Extraction,N,,
Hanson,,2000-11-01,S/2056/00/F,Variation,,N,,
High Street,1,2005-12-01,S/2157/05/C,Demolition,House,N,2005-12-14,6i
High Street,1,2006-02-01,S/0246/06/C,Demolition,House,N,2006-02-27,6i
High Street,1,2007-04-01,S/0385/07/C,Demolition,Store,N,2007-04-02,6i
High Street,1,2008-03-01,S/0311/08/F,Dwelling,Two Flats,R,2008-03-18,7i
High Street,1,2005-12-01,S/2147/05/O,Major Development,,R,2005-12-14,6ii
High Street,1,2006-02-01,S/0247/06/O,Major Development,,R,2006-02-27,6ii
High Street,1,2007-03-01,S/0310/07/F,Major Development,,R,2007-03-08,6ii
High Street,1,2007-06-01,S/1049/07/R ,Major Development,,R,2007-06-15,7iv
High Street,2,2002-01-01,S/0084/02/L,Alteration,,A,,
High Street,2,2002-01-01,S/0085/02/F,Extension,,A,,
High Street,2,2001-08-01,S/1488/01/F,Fence,,A,,
High Street,2,2009-06-01,C1140100,Tree Work,,A,2009-06-24,7iii
High Street,3,2006-08-01,S/1545/06/F,Change of Use,,R,2006-08-21,6ii
High Street,3,2006-11-01,S/2065/06/F,Change of Use,,R,2006-11-13,6vi
High Street,3,2009-08-01,S/1053/09/F,Extension,,N,2009-08-17,7ii
High Street,3,1999-05-01,S/0824/99/F,Garage,,R,,
High Street,4,2001-04-01,S/0706/01/A,Advertisement,Signs,A,,
High Street,4,2002-04-01,S/0778/02/A,Advertisement,Signs,A,,
High Street,4,2002-07-01,S/1435/02/A,Advertisement,Signs,A,,
High Street,4,2007-08-01,S/1582/07/F,Advertisement,Signs,A,2007-08-29,6iii
High Street,4,2001-05-01,S/0892/01/F,Alteration,,A,,
High Street,4,2002-04-01,S/0777/02/F,Business,ATM,A,,
High Street,4,2011-04-01,S/0502/11/,Business,Enclosure,A,2011-04-04,7ii
High Street,4,2002-10-01,S/2081/02/F,Business,Satellite Dish,A,,
High Street,8,2010-11-01,S/1946/10/,Dwelling,,A,2010-11-29,7i
High Street,8,2000-12-01,S/2266/00/F,Extension,,R,,
High Street,8,2001-07-01,S/1295/01/F,Extension,,R,,
High Street,9,2012-07-01,S/1373/12/A,Advertisement,Illuminated Sign,A,2012-07-25,6ii
High Street,9,2012-01-01,S/2370/11/,Change of Use,,A,2012-01-09,6i
High Street,12,1999-08-01,S/1388/99/L,Alteration,,N,,
High Street,12,2000-03-01,S/0402/00/L,Alteration,,A,,
High Street,12,2000-08-01,S/1459/00/L,Alteration,,N,,
High Street,13,2007-11-01,S/2104/07/F,Change of Use,,R,2007-11-20,6vi
High Street,13,2008-08-01,S/1387/08/F,Change of Use,,R,2008-08-28,6v
High Street,13,2005-11-01,S/2109/05/F,Conversion,Flats,R,2005-11-15,6ii
High Street,13,2009-09-01,S/1151/09/F,External Staircase,External Staircase,R,2009-09-08,7iv
High Street,13,2010-01-01,S/1881/09/F,External Staircase,External Staircase,R,2010-01-18,7ii
High Street,16,2002-11-01,S/2264/02/L,Continuation,,A,,
High Street,17,2005-08-01,S/1574/05/F,Development,,N,2005-08-31,6iii
High Street,19,2001-10-01,S/2060/01/O,Development,,R,,
High Street,19,2002-08-01,S/1547/02/O,Development,,R,,
High Street,19,2003-10-01,S/1771/03/O,Development,,R,,
High Street,19,2008-08-01,S/1271/08/F,Garage,Garage/Store/Wall,A,2008-08-28,
High Street,20,2006-04-01,S/0605/06/F,Conversion,Garage,R,2006-04-10,6vii
High Street,20,2006-01-01,S/2443/05/F,Extension,,R,2006-01-10,6iv
High Street,25,2002-06-01,S/1187/02/F,Extension,,R,,
High Street,25,2004-03-01,S/0482/04/F,Extension,,R,,
High Street,25,2011-02-01,S/0255/11/,Extension,,A,2011-02-24,DA
High Street,27,1999-06-01,S/0894/99/L,Alteration,,A,,
High Street,27,2001-01-01,S/0146/01/L,Alteration,,A,,
High Street,27,1999-06-01,S/0895/99/F,Extension,,A,,
High Street,30,2006-02-01,S/0296/06/R,Development,,A,2006-02-27,6iv
High Street,30,2004-10-01,S/2122/04/F,Planning Extension,,R,2004-10-08,3j
High Street,30,2001-11-01,S/2065/01/F,Variation,,A,,
High Street,31,2002-03-01,S/0049/02/F,Annexe,,A,,
High Street,39,2000-05-01,S/0950/00/F,Garage,,A,,
High Street,41,2007-08-01,S/1374/07/F,Garage,,A,2007-08-09,6iii
High Street,44,2004-08-01,S/1700/04/F,Change of Use,,R,2004-09-16,3e
High Street,52,2002-12-01,S/2401/02/F,Garage,,N,,
High Street,60,2004-06-01,S/0862/04/F,Change of Use,,R,2004-06-29,12
High Street,60,2005-10-01,S/1715/05/F,Outbuilding,Changes,R,2005-10-18,6v
High Street,62,2004-02-01,S/0369/04/F,Change of Use,,R,,
High Street,62,2004-09-01,S/1894/04/F,Extension,,R,2004-10-08,3c
High Street,76,2000-09-01,S/1716/00/O,Development,,R,,
High Street,76,2006-09-01,S/1790/06/F,Dwelling,Block of Flats,R,2006-10-03,6i
High Street,76,2011-07-01,S/1264/11/,Major Development,,N,2011-07-28,6iv
High Street,3B,2012-11-01,S/2334/12/A,Advertisement,Sign,N,2012-11-27,6vii
High Street,,2007-11-01,S/2080/07/A,Advertisement,Signs,A,2007-11-20,6v
High Street,,2009-11-01,S/1589/09/A,Advertisement,Signs,A,2009-11-30,6iii
High Street,,2004-08-01,S/1701/04/L,Conversion,Barn,A,2004-09-16,3b
High Street,,2004-09-01,S/1785/04/F,Major Development,,R,2004-10-08,3b
Lacks Yard,,2008-08-01,C1140100,Tree Work,,A,2008-08-28,6vii
Long Lane,2,2008-07-01,C1140100,Tree Work,,A,2008-07-08,7vi
Long Lane,9,1999-03-01,S/0394/99/L,Alteration,,A,,
Long Lane,30,2008-09-01,S/1482/10/8F,Outbuilding,Carport,A,2008-09-16,7iii
Long Lane,34,2010-04-01,S/0399/91/F,Business,,R,2010-04-12,7ii
Long Lane,34,2006-04-01,S/0557/06/F,Extension,To Garage,R,2006-04-10,6ii
Long Lane,40,2011-03-01,S/0250/11/,Business,Workshop,A,2011-03-15,9iii
Long Lane,40,2001-06-01,S/1042/01/F,Conservatory,,A,,
Long Lane,48,2012-11-01,S/2320/12/F,Annexe,Single Storey Annexe,R,2012-11-27,6iv
Long Lane,48,2005-10-01,S/1862/05/O,Dwelling,Bungalow & Garages,A,2005-10-18,6iv
Long Lane,48,2006-06-01,S/1081/06/F,Dwelling,Bungalow & Garages,A,2006-06-12,6iv
Long Lane,52,2002-03-01,S/0571/02/F,Change of Use,,A,,
Long Lane,56,2001-01-01,S/2339/00/F,Extension,,A,,
Long Lane,63,2002-10-01,S/1958/02/F,Extension,,A,,
Long Lane,67,2007-04-01,S/0557/07/F,Conservatory,,A,2007-04-24,7iv
Long Lane,67,1999-05-01,S/0733/99/F,Extension,,N,,
Long Lane,75,2012-08-01,S/1607/12/F,Dwelling,,A,2012-08-30,6ii
Long Lane,88,2000-11-01,S/3177/00/F,Boundary,Walls,N,,
Longstanton,,2009-07-01,S/0457/09/F,Change of Use,,N,2009-07-27,7iii
Longstanton,,2010-04-01,S/0438/10/F,Change of Use,,R,2010-04-26,7iv
Longstanton,,2003-12-01,S/2085/03/R,Landscaping,Landscaping,N,,
Longstanton,,1999-03-01,S/0475/99/O,Major Development,,R,,
Longstanton,,2004-02-01,S/0246/04/R,Major Development,,A,,
Longstanton,,2004-05-01,S/0845/04/R,Major Development,,R,,
Longstanton,,2004-07-01,S/0696/04/R,Major Development,,R,2004-07-15,5
Longstanton,,2004-07-01,S/1379/04/F,Major Development,,N,2004-07-28,1
Longstanton,,2004-07-01,S/1429/04/R,Major Development,,R,2004-07-28,3
Longstanton,,2004-09-01,S/1846/04/F,Major Development,,N,2004-10-08,3m
Longstanton,,2004-10-01,S/2069/04/R,Major Development,,R,2004-10-21,3e
Longstanton,,2006-05-01,S/0625/06/R,Major Development,,R,2006-05-23,7vii
Longstanton,,2007-08-01,S/1390/07/R,Major Development,,R,2007-08-09,6v
Longstanton,,2007-10-01,S/1873/07/R,Major Development,,R,2007-10-29,7ii
Longstanton,,2004-04-01,S/0625/04/R,Road,Roads & Services,N,,
Longstanton,,2006-07-01,S/1086/06/F,Variation,Variation of Condition,N,2006-07-11,7i
Loves Lane,2,2012-03-01,S/0363/12/F,Alteration,,A,2012-03-22,6i
Meadow Drove,1,2009-11-01,S/1568/09/F,Gypsy,Pitch,R,2009-11-30,7i
Meadow Drove,3,2009-10-01,S/1308/09/F,Change of Use,,R,2009-10-12,7ii
Meadow Drove,3,2009-10-01,S/1297/09/F,Gypsy,Pitch,R,2009-10-12,7i
Meadow Drove,,2012-08-01,S/1653/12/F,Business,Wind Turbine,R,2012-08-30,6i
Meadow Drove,,2011-09-01,S/1692/11/,Change of Condition,,R,2011-09-08,6ii
Meadow Drove,,2009-09-01,S/1191/09/F,Change of Use,,R,2009-09-08,7iii
Meadow Drove,,2012-11-01,S/2114/12/F,Change of Use,,R,2012-11-08,6i
Meadow Drove,,2007-08-01,S/1463/07/F,Garage,,N,2007-08-09,6vi
Meadow Drove,,2004-10-01,S/2010/04/F,Gypsy,Caravans,R,2004-10-08,3k
Meadow Drove,,2006-03-01,S/0375/06/F,Gypsy,Caravans,R,2006-03-20,6i
Meadow Drove,,2006-03-01,S/0402/06/F,Gypsy,Caravans,R,2006-03-20,6ii
Meadow Drove,,2006-11-01,S/2048/06/F,Gypsy,Caravans,R,2006-11-13,6v
Meadow Drove,,2008-08-01,S/1243/08/F,Gypsy,Mobile Homes,R,2008-08-12,7iii
Meadow Drove,,2009-12-01,S1719/09F,Gypsy,Mobile Homes,R,2009-12-21,7ii
Meadow Drove,,2009-12-01,S1720/09F,Gypsy,Mobile Homes,R,2009-12-21,7i
Meadow Drove,,2010-12-01,S/2065/10/,Gypsy,Four Pitches,R,2010-12-13,7ii
Meadow Drove,,2012-01-01,S/0097/12/,Gypsy,Pitch,R,2012-01-30,6iii
Meadow Drove,,2012-03-01,S/0307/12/F,Gypsy,Mobile Homes,R,2012-03-05,6iv
Meadow Drove,,2012-05-01,S/0434/12/,Gypsy,Site,R,2012-05-01,6ii
Meadow Drove,,2009-07-01,S/0724/09/LDC,Lawful Development,Establish S/1243/08/F,R,2009-07-27,7i
Meadow Drove,,2002-11-01,S/2311/02/F,Mobile Home,,A,,
Meadow Drove,,2000-12-01,S/2364/00/F,Outbuilding,Portable Building,A,,
Meadow Drove,,2001-08-01,S/0844/94/F,Outbuilding,Stables,A,,
Meadow Drove,,2000-06-01,S/1178/00/F,Outbuilding,Stables & Barn,N,,
Meadow Drove,,2001-03-01,S/0485/01/F,Outbuilding,Stables & Barn,A,,
Meadow Drove,,2012-07-01,S/1476/12/V,Permanent Consent,,N,2012-07-25,6iii
Meadow Drove,,2012-07-01,S/1475/12/V,Permanent Consent,,N,2012-07-25,6iv
Meadow Drove,,2012-08-01,S/1621/12/V,Permanent Consent,,N,2012-08-14,6iii
Meadow Drove,,2012-10-01,S/1963/12/V,Permanent Consent,,R,2012-10-10,8iii
Meadow Drove,,2006-11-01,S/2102/06/C,Variation,Variation of Use,R,2006-11-13,6vii
Mill Road,1,2001-03-01,S/0498/01/F,Extension,,R,,
Mill Road,11,2001-04-01,S/0686/01/F,Extension,,A,,
Mill Road,11,2008-12-01,S/1941/08/F,Extension,And Annexe,N,2008-12-10,7ii
Mill Road,18,1997-06-01,S/0674/97/F,Business,Visitor Centre,R,,
Mill Road,18,1998-02-01,S/0252/98/F,Change of Use,,A,,
Mill Road,18,2009-10-01,S/1441/09/F,Change of Use,,R,2009-10-26,7i
Mill Road,18,1998-01-01,S/1638/92/F,Conversion,,A,,
Mill Road,18,1998-04-01,S/0688/98/F,Development,,R,,
Mill Road,18,2008-02-01,S/0167/08/F,Dwelling,,R,2008-02-12,6iii
Mill Road,18,2008-08-01,S/0167/08/F,Dwelling,,R,2008-08-12,7ii
Mill Road,18,2004-09-01,S/1995/04/F,Extension,,A,2004-10-08,
Mill Road,18,1997-10-01,S/1542/97/F,Mobile Home,,R,,
Mill Road,18,2001-07-01,S/1366/01/F,Variation,,A,,
Mill Road,,1999-02-01,S/0179/99/R,Development,,A,,
Mill Road,,2005-11-01,S/2116/05/F,Agricultural,Polytunnel,A,2005-11-15,6iii
Millfield,4,2001-01-01,S/0162/01/F,Extension,,N,,
Millfield,9,2004-06-01,S/1196/04/F,Conservatory,,A,2004-06-29,9
Millfield,17,2000-01-01,S/0118/00/F,Extension,,A,,
Millfield,19,2009-10-01,S/1236/09/F,Extension,,A,2009-10-12,7iii
Millfield,22,2004-10-01,S/2084/04/F,Conservatory,,R,2004-10-21,3d
Millfield,23,2008-04-01,S/0479/08/F,Extension,,A,2008-04-09,6iv
Millfield,25,2007-01-01,S/0057/07/F,Extension,,A,2007-01-31,7iii
Millfield,25,2012-04-01,S/0634/12/F,Extension,,A,2012-04-16,6ii
Millfield,25,2012-08-01,S/1506/12/F,Extension,,A,2012-08-14,6ii
Millfield,28,2010-10-01,S/0082/10/F,Change of Use,,A,2010-10-12,7i
Millfield,38,2005-08-01,S/1413/05/F,Extension,,A,2005-08-17,4iv
Millfield,42,2008-07-01,S/1058/08/F,Extension,,A,2008-07-08,7iv
Millfield,45,2008-04-01,S/0602/08/O,Dwelling,,R,2008-04-23,7v
Millfield,47,2002-02-01,S/0227/02/F,Extension,,A,,
Millfield,48,2012-09-01,S/1845/12/V,Change of Condition,,A,2012-09-25,6i
Millfield,48,1999-11-01,S/1831/99/F,Extension,,A,,
Millfield,,2005-05-01,S/0987/05/F,Conservatory,,A,2005-06-09,3a
Newington,1,1999-12-01,S/1940/99/F,Extension,,A,,
Newington,4,2008-10-01,S/1554/08/F,Extension,,A,2008-10-14,6iii
Newington,7,2006-02-01,S/0245/06/F,Extension,And Gagage,A,2006-02-27,6iii
Newington,7,2011-09-01,S/1761/11/,Extension,,N,2011-09-27,6iv
Newington,11,2006-08-01,S/1412/06/F,Boundary,Wall & Railings,A,2006-08-03,6iii
Newington,19,2006-04-01,S/0526/06/F,Extension,,R,2006-04-10,6i
Newington,26,2004-12-01,S/2594/04/F,Extension,,A,2005-01-10,3e
Newington,28,2001-05-01,S/0872/01/F,Extension,,A,,
Newington,32,2005-11-01,S/2096/05/F,Extension,,A,2005-11-15,6iv
Newington,33,1999-08-01,S/1300/99/F,Development,,N,,
Newington,34,2001-03-01,S/0540/01/F,Extension,,A,,
Newington,39,2008-10-01,S/1526/08/F,Extension,,A,2008-10-14,6iv
Newington,43,2000-11-01,S/2063/00/F,Extension,,N,,
Newington,51,2007-08-01,S/1363/07/F,Extension,,A,2007-08-09,6ii
Newington,58,2005-10-01,S/1911/05/F,Extension,,A,2005-10-18,6ix
Northstowe,,2005-08-01,S/7000/05/O,Major Development,New Town,,,
Northstowe,,2008-01-01,S/7009/07/F,Road,Improvement,N,2008-01-29,6v
Northstowe,,2008-01-01,S/7007/07/F,Road,Link,N,2008-01-29,6iii
Northstowe,,2008-01-01,S/7008/07/F,Road,Link,N,2008-01-29,6iv
Oakington Barracks,,2002-11-01,S/2218/02/C,Continuation of Use,,N,,
Oakington Barracks,,2004-06-01,S/1172/04/,Continuation of Use,,N,2004-06-29,7
Oakington Barracks,,2006-11-01,S/2040/06/F,Continuation of Use,,N,2006-11-13,6iv
Oakington Barracks,,2007-01-01,S/2424/96/F,Fence,Security Fence,N,2007-01-31,7ii
Over Road,11,2004-06-01,S/1045/04/F,Extension,,A,2004-06-29,3
Over Road,11,2009-03-01,S/0229/09/F,Extension,,A,2009-03-31,7i
Over Road,24,2005-04-01,S/0827/05/F,Development,,R,2005-05-19,3c/d
Over Road,24,2007-07-01,S/1128/07/F,Extension,,A,2007-07-16,6i
Over Road,29,2007-06-01,S/1036/07/F,Extension,,A,2007-06-15,7iii
Over Road,42,2006-03-01,S/0429/06/O,Development,,R,2006-03-20,6v
Over Road,42,2008-01-01,S/2176/07/R,Development,,N,2008-01-29,6ii
Over Road,49,2011-09-01,S/1764/11/,Outbuilding,Greenhouse,A,2011-09-27,6i
Over Road,,1999-12-01,S/1946/99/A,Advertisement,Sign,A,,
Over Road,,2008-06-01,S/0031/08/F,Amendment,,A,2008-06-17,7ii
Over Road,,2000-04-01,S/0606/00/F,Business,Airstrip,N,,
Over Road,,2005-09-01,S/1681/05/F,Business,New Aspinalls Site,N,2005-09-26,7v
Over Road,,1999-06-01,S/0877/99/F,Change of Use,,A,,
Over Road,,1999-08-01,S/1175/99/F,Change of Use,,N,,
Over Road,,1999-10-01,S/1715/99/L,Change of Use,,A,,
Over Road,,2001-02-01,S/0371/01/F,Change of Use,,A,,
Over Road,,2001-12-01,S/2348/01/F,Change of Use,,A,,
Over Road,,2002-03-01,S/0517/02/F,Change of Use,,A,,
Over Road,,2006-06-01,S/1238/06/F,Change of Use,,N,2006-06-29,6v
Over Road,,2007-05-01,S/0800/07/F,Change of Use,,R,2007-05-22,v
Over Road,,2008-06-01,S/0831/08/F,Change of Use,,A,2008-06-17,7i
Over Road,,2008-07-01,S/0831/08/F,Change of Use,,A,2008-07-08,DP
Over Road,,2008-09-01,S/0831/08/F,Change of Use,,A,2008-09-16,7ii
Over Road,,2012-01-01,S/1708/11/,Change of Use,,A,2012-01-09,6ii
Over Road,,2012-03-01,S/0309/12/F,Conversion,Garage,N,2012-03-05,6ii
Over Road,,2012-12-01,S/1491/12/F,Dwelling,Bungalow,A,2012-12-11,6iii
Over Road,,1999-06-01,S/0876/99/F,Extension,,A,,
Over Road,,2007-05-01,S/0706/07/F,Extension,,A,2007-05-22,i
Over Road,,2003-01-01,S/2497/02/F,Mobile Home,,A,,
Over Road,,2006-07-01,S/1312/06/F,Mobile Home,,R,2006-07-11,7iv
Over Road,,2008-11-01,S/1740/08/F,Outbuilding,Porch and Access,N,2008-11-13,7iv
Over Road,,1999-01-01,S/0038/99/F,Outbuilding,Storage,R,,
Over Road,,1999-07-01,S/1017/99/F,Outbuilding,Storage,A,,
Over Road,,1999-11-01,S/1802/99/L,Outbuilding,Storage,A,,
Over Road,,2007-12-01,S/1285/07/F,Agricultural,Polytunnel,A,2007-12-17,6i
Over Road,,2009-11-01,S/1582/09/PNA,Prior Notification,Proposed Building,N,2009-11-30,7ii
Pound Lane,3,2000-10-01,S/1972/00/F,Extension,,A,,
Priest Lane,1,2000-10-01,S/2015/00/F,Conservatory,,A,,
Priest Lane,1,2001-02-01,S/0190/01/F,Outbuilding,Carport,N,,
Priest Lane,5,2000-09-01,S/1728/00/F,Extension,,A,,
Priest Lane,7,2012-11-01,S/2338/12/F,Conversion,Garage,R,2012-11-27,6vi
Priest Lane,7,2007-10-01,S/1923/07/F,Extension,,A,2007-10-29,7iii
Priest Lane,7,2004-05-01,S/0737/04/F,Garage,,N,2004-06-29,5
Priest Lane,7,2002-11-01,S/2209/02/F,Outbuilding,Carport,N,,
Priest Lane,10,2012-01-01,S/2501/11/,Extension,,A,2012-01-30,6i
Priest Lane,12,2008-07-01,S/0996/08/F,Fence,,A,2008-07-08,7iii
Priest Lane,12,2008-11-01,S/1530/08/F,Fence,,N,2008-11-13,7v
Priest Lane,15,2001-01-01,S/1003/00/F,Development,,R,,
Priest Lane,,2009-04-01,S/2110/08/F,Amendment,,A,2009-04-21,7i
Priest Lane,,2008-09-01,S/1535/08/F,Business,Equestrian Centre,N,2008-09-30,7iv
Priest Lane,,2010-02-01,S/1844/09/F,Change of Use,,R,2010-02-01,7v
Priest Lane,,2012-08-01,S/1465/12/F,Change of Use,,N,2012-08-14,6i
Priest Lane,,2007-07-01,S/1235/07/F,Conversion,Barns to Stabling,R,2007-07-16,6iv
Priest Lane,,2002-12-01,S/2416/02/F,Mobile Home,,A,,
Priest Lane,,2006-10-01,S/1857/06/F,Mobile Home,,R,2006-10-23,7iii
Priest Lane,,2009-01-01,S/2110/08/F,Mobile Home,,R,2009-01-29,7ii
Priest Lane,,2006-12-01,S/2298/06/F,Agricultural,Polytunnel,A,2006-12-21,6iv
Public Buildings,,1998-12-01,S/2079/98/F,Development,,A,,
Public Buildings,,2002-03-01,S/0503/02/O,Development,,N,,
Public Buildings,,2003-11-01,S/2304/03/F,Extension,,N,,
Pyrethrum Way,2,2013-01-01,S/2464/12/F,Roof,Dormer Windows,A,2013-01-24,9i
Pyrethrum Way,17,2008-04-01,S/0601/08/F,Conservatory,,A,2008-04-23,7vi
Pyrethrum Way,,1998-10-01,S/1762/98/F,Major Development,,R,,
Pyrethrum Way,,1999-01-01,S/0135/99/F,Major Development,,R,,
Pyrethrum Way,,1999-04-01,S/0582/99/F,Major Development,,R,,
Pyrethrum Way,,2000-07-01,S/1287/00/F,Major Development,,R,,
Queenholme Farm,,2000-07-01,S/1399/00/F,Business,Enlargement,A,,
Queenholme Farm,,2004-03-01,S/0427/04/F,Business,Enlargement,A,,
Queenholme Farm,,1999-01-01,S/0063/99/F,Business,New Business,A,,
Queenholme Farm,,2004-04-01,S/0744/04/F,Extension,,A,,
Rampton End,2,2006-06-01,S/1199/06/F,Conversion,Barn,N,2006-06-29,6iv
Rampton End,2,2007-11-01,S/1199/07/F,Conversion,Barn,N,2007-11-20,6iii
Rampton End,2,1999-07-01,S/1196/99/F,Outbuilding,Storage,N,,
Rampton End,5,2006-12-01,S/2208/06/F,Boundary,Fence,A,2006-12-04,6vi
Rampton End,5,2004-08-01,S/1615/04/F,Development,,A,2004-11-29,3b
Rampton End,11,2000-02-01,S/0238/00/F,Boundary,Fence,R,,
Rampton End,11,2000-10-01,S/1934/00/F,Extension,,A,,
Rampton End,35,2007-08-01,S/1556/07/F,Extension,,A,2007-08-29,6ii
Rampton End,21A,2013-01-01,S/0031/13/F,Conversion,Garage,N,2013-01-24,9ii
Rampton End,,1999-03-01,S/0357/99/F,Change of Use,,A,,
Rampton Road,6,2004-06-01,S/1040/04/F,Extension,,A,2004-06-29,4
Rampton Road,11,2009-01-01,S/2140/08/F,Annexe,,R,2009-01-29,7i
Rampton Road,21,2002-02-01,S/0403/02/F,Extension,,N,,
Rampton Road,23,2007-05-01,S/0828/07/F,Conservatory,,A,2007-05-22,iii
Rampton Road,33,2005-12-01,S/2308/05/F,Extension,,A,2005-12-14,6ix
Rampton Road,39,2007-04-01,S/0546/07/F,Extension,,A,2007-04-24,7iii
Rampton Road,40,2004-03-01,S/0617/04/F,Conservatory,,A,,
Rampton Road,40,2000-03-01,S/0417/00/F,Extension,,A,,
Rampton Road,43,2001-11-01,S/2153/01/F,Extension,,N,,
Rampton Road,43,2002-03-01,S/0556/02/F,Extension,,N,,
Rampton Road,49,2010-03-01,S/0121/10/F,Amendment,,N,2010-03-22,7ii
Rampton Road,49,2010-02-01,S/0121/10/F,Extension,,N,2010-02-15,7ii
Rampton Road,54,2009-04-01,S/0387/09/F,Conservatory,,N,2009-04-28,7i
Rampton Road,54,2004-01-01,S/2514/03/F,Extension,,A,,
Rampton Road,70,2000-02-01,S/0183/00/F,Conservatory,,A,,
Rampton Road,74,2004-05-01,S/0888/04/F,Access,,A,,
Rampton Road,77,2011-07-01,S/1168/11/,Extension,,A,2011-07-12,6i
Rampton Road,83,2008-02-01,S/0092/08/F,Conservatory,,A,2008-02-12,6iv
Rampton Road,83,2004-06-01,S/1071/04/F,Extension,,A,2004-06-29,2
Rampton Road,84,2000-09-01,S/1732/00/R,Development,,R,,
Rampton Road,94,2012-10-01,S/2096/12/F,Dwelling,,R,2012-10-24,6v
Rampton Road,101,2001-05-01,S/0830/01/F,Extension,,A,,
Rampton Road,101,2002-08-01,S/1678/02/F,Extension,,A,,
Rampton Road,104,1998-12-01,S/0015/99/F,Garage,,N,,
Rampton Road,111,2004-01-01,S/2537/03/F,Extension,,N,,
Rampton Road,130,1999-07-01,S/1209/99/F,Change of Use,,N,,
Rampton Road,130,2000-10-01,S/1961/00/F,Extension,,R,,
Rampton Road,130,2001-01-01,S/0134/01/F,Extension,,R,,
Rampton Road,130,2004-07-01,S/1476/04/F,Mobile Home,,R,2004-07-28,4
Rampton Road,132,1999-05-01,S/0787/99/F,Access,,A,,
Rampton Road,132,2004-08-01,S/1600/04/F,Change of Use,,A,2004-08-12,3f
Rampton Road,132,2008-11-01,S/1782/08/F,Change of Use,,A,2008-11-13,7iii
Rampton Road,132,1999-03-01,S/0338/99/R,Development,,N,,
Rampton Road,132,1999-03-01,S/0544/97/O,Development,,R,,
Rampton Road,132,1999-04-01,S/0387/99/R,Development,,R,,
Rampton Road,132,1999-08-01,S/1285/99/F,Development,,R,,
Rampton Road,132,2005-09-01,S/1747/05/F,Roof,Replacement Roof,R,2005-09-26,7x
Rampton Road,25A,2008-02-01,S/0161/08/F,Extension,,A,2008-02-12,6ii
Rampton Road,37A,2010-10-01,S/1392/10/F,Change of Use,,R,2010-10-12,6i
Rampton Road,37A,2012-10-01,S/1987/12/V,Change of Use,,R,2012-10-10,8i
Rampton Road,37A,2012-10-01,S/2020/12/F,Outbuilding,Portakabin,R,2012-10-10,8ii
Rampton Road,,2000-12-01,S/2267/00/F,Change of Use,,R,,
Rampton Road,,2006-06-01,S/1067/06/F,Change of Use,,R,2006-06-12,6iii
Rampton Road,,1997-02-01,S/0168/97/O,Development,,A,,
Rampton Road,,2012-05-01,S/0775/12/F,Outbuilding,Shed,A,2012-05-01,6i
Rampton Road,,2000-03-01,S/0418/00/F,Outbuilding,Storage,A,,
Ravens Yard,1,2009-06-01,C1140100,Tree Work,,A,2009-06-24,7ii
Rockmill End,5,2005-02-01,S/0304/05/F,Extension,,A,2005-03-10,3c
Rockmill End,16,2001-08-01,S/1542/01/F,Conservatory,,A,,
Rockmill End,17,2011-11-01,S/2237/11/,Extension,,A,2011-11-24,6i
Rockmill End,19,2002-04-01,S/0702/02/F,Development,,R,,
Rockmill End,19,2002-10-01,S/1897/02/F,Development,,R,,
Rockmill End,33,2005-05-01,S/0919/05/F,Extension,,N,2005-05-19,3h
Rockmill End,37,2006-12-01,S/2177/06/P,Demolition,House,N,2006-12-04,6ii
Rockmill End,37,2004-03-01,S/0397/04/O,Major Development,,N,,
Rockmill End,37,2006-12-01,S/2196/06/F,Major Development,,R,2006-12-04,6iii
Rockmill End,53,2007-11-01,S/1955/07/F,Conservatory,,A,2007-11-20,6i
Rockmill End,57,2002-03-01,S/0429/02/F,Conservatory,,N,,
Rockmill End,57,1999-03-01,S/0334/99/F,Outbuilding,Shed,R,,
Rockmill End,,2011-03-01,S/2251/10/,Amendment,,A,2011-03-15,9i
Rockmill End,,2011-01-01,S/2222/10,Dwelling,Affordable Housing,A,2011-01-19,7iii
Rook Grove,2,2000-01-01,S/0048/00/F,Garage,,N,,
Rook Grove,4,2002-01-01,S/0172/02/F,Extension,,N,,
Rook Grove,22,2001-07-01,S/1390/01/F,Extension,,A,,
Rook Grove,24,2002-03-01,S/0045/02/F,Extension,,N,,
Rook Grove,28,2000-06-01,S/1158/00/F,Extension,,A,,
Rook Grove,32,2001-07-01,S/1402/01/F,Extension,,A,,
Rose & Crown Yard,1,2008-10-01,S/1603/08/F,Amendment,,A,2008-10-14,7v
Rose & Crown Yard,1,2008-09-01,S/1603/08/F,Extension,,A,2008-09-30,7i
Rose & Crown Yard,2,1999-02-01,S/0180/99/F,Roof,Dormer Window,A,,
Saxon Way,20,2006-11-01,S/0965/06/F,Boundary,Garden Wall,A,2006-11-13,6i
Saxon Way,20,2012-10-01,S/1872/12/F,Extension,And Porch,N,2012-10-10,8v
Saxon Way,33,2011-03-01,S/0297/11/,Extension,Garage,A,2011-03-15,9ii
Saxon Way,34,2005-06-01,S/1075/05/F,Boundary,Fence,A,2005-06-30,3a
Saxon Way,87,2007-04-01,S/0373/07/F,Extension,,N,2007-04-02,6iii
Saxon Way,109,2006-04-01,S/0607/06/F,Extension,,A,2006-04-10,6vi
Schole Road,26,2011-11-01,S/2062/11/,Extension,,N,2011-11-08,6i
Schole Road,29,2006-09-01,S/1689/06/F,Extension,,A,2006-09-19,6i
Schole Road,32,2004-06-01,S/1275/04/O,Development,,R,2004-07-15,3
Schole Road,32,2006-03-01,S/0444/06/F,Development,,R,2006-03-20,6vi
Schole Road,32,2009-11-01,S/1522/09/F,Development,,N,2009-11-16,7i
Schole Road,33,2007-04-01,S/0528/07/F,Extension,,A,2007-04-24,7i
Schole Road,33,2010-02-01,S/0135/10/F,Extension,,N,2010-02-15,7iii
Schole Road,42,2007-04-01,S/0631/07/F,Extension,,N,2007-04-24,7vi
Schole Road,,2010-10-01,S/1567/10,Business,All Weather Area,A,2010-10-26,7i
Schole Road,,2010-02-01,S/1803/09/F,Change of Use,,R,2010-02-01,7iv
Schole Road,,2004-12-01,S/2505/04/F,Gypsy,Caravans,R,2005-01-10,3a
Schole Road,,2006-04-01,S/0788/06/F,Gypsy,Caravans,R,2006-05-02,6iii
Schole Road,,2006-12-01,S/2183/06/F,Gypsy,Caravans,R,2006-12-04,6v
Schole Road,,2006-12-01,S/2330/06/F,Gypsy,Caravans,R,2006-12-21,6v
Schole Road,,2008-10-01,S/1578/08/F,Gypsy,Mobile Homes,R,2008-10-14,7i
Schole Road,,2009-11-01,S/1561/09/F,Gypsy,Caravans,R,2009-11-16,7vi
Schole Road,,2010-04-01,S/0324/10/F,Gypsy,Caravans,R,2010-04-26,7ii
Schole Road,,2012-09-01,S/1590/12/F,Gypsy,Development,R,2012-09-25,6iv
Schole Road,,2004-05-01,S/0856/04/F,Mobile Home,,R,,
Schole Road,,2005-09-01,S/1653/05/F,Mobile Home,,R,2005-09-26,7ii
Schole Road,,2005-09-01,S/1654/05/F,Mobile Home,,R,2005-09-26,7iii
Schole Road,,2009-11-01,S/1134/09/F,Mobile Home,,R,2009-11-16,7iii
Schole Road,,2012-03-01,S/0198/12/V,Permanent Consent,,R,2012-03-05,6i
Schole Road,,2012-06-01,S/1188/12/F,Permanent Consent,,R,2012-06-27,6iv
Schole Road,,2008-04-01,S/0470/08/F,Road,Road/Hardstanding,A,2008-04-09,6iii
Shelfords Road,,2012-10-01,S/1959/12/F,Agricultural,Store,A,2012-10-10,8iv
Short Lane,2,2005-11-01,S/2007/05/O,Development,,R,2005-11-15,6i
Short Lane,2,2006-04-01,S/0559/06/O,Major Development,,R,2006-04-10,6iii
Short Lane,2,2010-01-01,S/1709/09/F,Major Development,,R,2010-01-18,7i
Short Lane,2,2010-06-01,S/1709/09/R,Major Development,,R,2010-06-28,7iv
Short Lane,5,2000-07-01,S/1331/00/F,Conservatory,,A,,
Short Lane,6,2006-06-01,S/1012/06/F,Extension,,A,2006-06-12,6ii
Short Lane,6,2011-07-01,S/1265/11/,Extension,,A,2011-07-28,6ii
Short Lane,8,2008-06-01,S/0914/08/F,Extension,,A,2008-06-17,7iii
Short Lane,10,2002-09-01,S/1852/02/F,Extension,,N,,
Silver Street,6,2005-10-01,S/1852/05/F,Extension,,N,2005-10-18,6iii
Silver Street,6,2006-06-01,S/1101/06/F,Extension,,N,2006-06-29,6ii
Silver Street,24,2008-04-01,S/0536/08/F,Extension,,A,2008-04-23,7iii
Silver Street,34,2004-02-01,S/0281/02/F,Extension,,N,,
Silver Street,34,2006-06-01,S/0991/06/F,Extension,,A,2006-06-12,6i
Silver Street,38,2008-02-01,S/0192/08/L,Alteration,Alterations to LB,A,2008-02-26,6iv
Silver Street,38,2009-02-01,S/0229/09/L,Alteration,,R,2009-02-23,7ii
Silver Street,38,2008-02-01,S/0262/08/F,Extension,,N,2008-02-26,6v
Silver Street,,2011-09-01,S/1720/11/,Advertisement,Signs,A,2011-09-27,6ii
Spong Drove,,2008-09-01,S/1585/08/F,Agricultural,Building,NC,2008-09-30,7ii
Spong Drove,,2008-10-01,S/1585/08/F,Agricultural,Building,A,2008-10-14,7ii
Spong Drove,,2010-11-01,S/1585/08/F,Agricultural,Building,R,2010-11-16,7ii
Spong Drove,,2011-11-01,S/1585/08/F,Agricultural,Building,N,2011-11-24,6iii
Spong Drove,,2012-12-01,S/2261/12/F,Change of Use,,R,2012-12-11,6i
Stanton Mereway,18,2005-01-01,S/0118/05/F,Mobile Home,,N,2005-01-31,3d
Stanton Mereway,19,2008-07-01,S/0949/08/F,Renewel,,N,2008-07-08,7i
Stanton Mereway,,2008-04-01,S/0540/08/F,Conservatory,,A,2008-04-23,7ii
Stanton Mereway,,2000-05-01,S/0948/00/F,Dwelling,Replacement Bungalow,A,,
Stanton Mereway,,2001-02-01,S/0302/01/F,Extension,,N,,
Stanton Mereway,,2002-11-01,S/2205/02/F,Outbuilding,Storage,R,,
Station Road,1,2006-11-01,S/2036/06/F,Outbuilding,Paved Lawn & Door,A,2006-11-13,6iii
Station Road,1,2007-10-01,S/1946/07/F,Outbuilding,Timber Shelter,R,2007-10-29,7vi
Station Road,1,2008-03-01,S/0331/08/F,Outbuilding,Timber Shelter,N,2008-03-18,DP
Station Road,2,2004-01-01,S/0075/04/F,Change of Use,,A,,
Station Road,2,2012-10-01,S/2108/12/F,Extension,,A,2012-10-24,6vi
Station Road,2,2007-03-01,S/0277/07/O,Major Development,,R,2007-03-08,6i
Station Road,2,2009-05-01,S/1702/08/F,Major Development,,R,2009-05-19,8i
Station Road,2,2009-07-01,S/1702/08/F,Major Development,,N,2009-07-27,7ii
Station Road,2,2012-04-01,S/0582/12/F,Road,Dropped Kerb,N,2012-04-16,6i
Station Road,6,2012-11-01,S/2335/12/F,Extension,Second Storey,R,2012-11-27,6i
Station Road,10,2011-07-01,S/1040/11/,Access,,A,,6ii
Station Road,14,2000-02-01,S/0198/00/F,Extension,,R,,
Station Road,16,2012-07-01,S/1251/12/F,Outbuilding,Summerhouse,A,2012-07-11,6ii
Station Road,24,2012-09-01,S/1860/12/F,Mobile Home,Replacement Caravan,N,2012-09-25,6iii
Station Road,24,2007-04-01,S/0575/07/F,Outbuilding,Static Home,R,2007-04-24,7v
Station Road,26,2004-02-01,S/0362/04/F,Alteration,,A,,
Station Road,27,1999-01-01,S/0108/99/O,Development,,N,,
Station Road,27,2006-04-01,S/0743/06/F,Dwelling,,A,2006-04-26,7iv
Station Road,39,1999-04-01,S/1197/96/F,Extension,,A,,
Station Road,40,2005-08-01,S/1451/05/F,Conversion,Flats,A,2005-08-17,4iii
Station Road,47,2001-12-01,S/2382/01/F,Development,,R,,
Station Road,47,2011-12-01,S/2278/11/,Development,,A,2011-12-08,6
Station Road,49,2006-06-01,S/1197/06/F,Conservatory,,A,2006-06-29,6iii
Station Road,53,2010-10-01,S/1188/10/F,Change of Use,,N,2010-10-26,7vi
Station Road,59,1999-02-01,S/1775/98/F,Development,,N,,
Station Road,65,2000-07-01,S/1288/00/F,Alteration,,N,,
Station Road,65,1999-10-01,S/1648/99/F,Development,,R,,
Station Road,66,2002-10-01,S/1922/02/F,Extension,,A,,
Station Road,67,2007-10-01,S/1717/07/F,Extension,,A,2007-10-04,6i
Station Road,68,2007-08-01,S/1419/07/F,Extension,,R,2007-08-09,6iv
Station Road,68,2008-02-01,S/0176/08/F,Extension,,R,2008-02-12,6i
Station Road,68,2008-07-01,S/0992/08/F,Extension,,R,2008-07-08,7ii
Station Road,68,2009-06-01,S/0620/09/F,Extension,,N,2009-06-03,DP
Station Road,70,2001-06-01,S/1103/01/F,Development,,R,,
Station Road,71,1999-01-01,S/0109/99/O,Development,,N,,
Station Road,71,2006-08-01,S/1448/06/O,Renewel,,R,2006-08-03,6iv
Station Road,74,1999-12-01,S/2077/99/F,Extension,,A,,
Station Road,74,2002-07-01,S/1439/02/F,Extension,,A,,
Station Road,103,2000-09-01,S/1762/00/F,Extension,,A,,
Station Road,103,2009-06-01,S/0639/09/F,Extension,,A,2009-06-24,7i
Station Road,111,2005-07-01,S/1351/05/F,Extension,,R,2005-07-21,3f
Station Road,111,2010-04-01,S/0304/10/F,Extension,,A,2010-04-12,7i
Station Road,111,2010-11-01,S/1836/10/F,Extension,,N,2010-11-16,7i
Station Road,115,1998-10-01,S/1703/98/F,Alteration,,A,,
Station Road,115,1998-03-01,S/0342/98/F,Extension,,N,,
Station Road,127,2008-02-01,S/0137/08/F,Dwelling,,R,2008-02-12,6v
Station Road,127,2002-09-01,S/1865/02/F,Extension,,A,,
Station Road,127,2004-02-01,S/0355/04/F,Extension,,A,,
Station Road,130,2006-08-01,S/0095/02/F,Amendment,,N,2006-08-03,6i
Station Road,130,1999-02-01,S/0284/99/O,Development,,A,,
Station Road,130,2002-01-01,S/0095/02/F,Development,,A,,
Station Road,130,2010-06-01,S/0864/10/F,Dwelling,Dwelling Rev Design,A,2010-06-28,7iii
Station Road,130,1999-03-01,S/0382/99/F,Outbuilding,Tower,R,,
Station Road,135,2005-04-01,S/0730/05/F,Conservatory,,A,2005-04-26,3c
Station Road,145,2004-10-01,S/2113/04/F,Extension,,A,2004-10-21,3f
Station Road,149,2002-03-01,S/0652/02/F,Extension,,N,,
Station Road,153,2004-03-01,S/0664/04/F,Extension,,R,,
Station Road,153,2004-07-01,S/1462/04/F,Extension,,R,2004-07-28,6
Station Road,155,2012-11-01,S/2314/12/F,Outbuilding,Summer House,N,2012-11-27,6iii
Station Road,158,2000-02-01,S/0359/00/F,Extension,,A,,
Station Road,158,2002-03-01,S/0591/02/F,Extension,,N,,
Station Road,158,2006-04-01,S/0704/06/F,Extension,,A,2006-04-26,7i
Station Road,158,2002-05-01,S/0645/02/F,Outbuilding,Storage,A,,
Station Road,167,2012-03-01,S/0373/12/F,Extension,,N,2012-03-05,6iii
Station Road,170,2008-08-01,S/1219/08/F,Conservatory,,A,2008-08-12,7i
Station Road,171,2005-05-01,S/1019/05/F,Extension,,N,2005-06-09,3b
Station Road,171,2006-02-01,S/2366/05/F,Extension,,A,2006-02-14,7
Station Road,174,2002-10-01,S/2072/02/F,Extension,,A,,
Station Road,174,2007-12-01,S/2296/07/F,Extension,,A,2007-12-17,6v
Station Road,176,2009-06-01,S/0626/09/F,Agricultural,Shed,N,2009-06-01,7ii
Station Road,176,2008-09-01,S/1369/08/F,Amendment,,R,2008-09-16,7i
Station Road,176,2008-11-01,S/1469/08/F,Amendment,,R,2008-11-13,7i
Station Road,176,2007-09-01,S/1674/07/F,Change of Use,Adj PolyT/Sheds/MH,R,2007-11-09,6ii
Station Road,176,2002-02-01,S/0081/02/O,Development,,R,,
Station Road,176,2007-08-01,S/1350/07/O,Development,Afford Homes,A,2007-08-09,6i
Station Road,176,2008-01-01,S/0008/08/F,Temporary Consent,Adj PolyT/Sheds/MH,R,2008-01-29,6i
Station Road,176,2008-02-01,S/0008/08/F,Temporary Consent,Adj PolyT/Sheds/MH,N,2008-02-26,6i
Station Road,178,2012-10-01,S/2007/12/F,Business,Retain Display Stand,A,2012-10-24,6iii
Station Road,178,2012-10-01,S/2053/12/F,Agricultural,Retain PolyT/Shed,A,2012-10-24,6iv
Station Road,178,2012-07-01,S/1264/12/RM,Reserved Matters,,N,2012-07-25,6i
Station Road,194,2001-09-01,S/1704/01/F,Extension,,A,,
Station Road,194,2007-10-01,S/1752/07/F,Outbuilding,Store,N,2007-10-04,6ii
Station Road,194,2007-12-01,S/2253/07/F,Outbuilding,Store,N,2007-12-17,6iv
Station Road,,2012-03-01,S/0438/12/F,Business,Office and Store,A,2012-03-22,6iii
Station Road,,2008-12-01,S/2033/08/F,Change of Use,,R,2008-12-10,7v
Station Road,,2012-03-01,S/0480/12/O,Dwelling,,N,2012-03-22,6iv
Station Road,,2005-12-01,S/2306/05/F,Mobile Mast,,A,2005-12-14,6viii
Station Road,,2012-03-01,S/0437/12/F,Agricultural,Polytunnel,A,2012-03-22,6ii
Station Road,,2004-03-01,S/0481/04/F,Road,Cabinet,N,,
Thodays Close,7,2001-04-01,S/0668/01/F,Extension,,A,,
Thodays Close,13,2004-05-01,S/0941/04/F,Extension,,A,,
Thodays Close,33,2010-06-01,C1117100,Tree Work,,A,2010-06-07,7ii
Thodays Close,33,2011-08-01,C1117100,Tree Work,,A,2011-08-10,6ii
Thodays Close,,2007-03-01,S/0347/07/C,Business,Honeypot Building,A,,
Thodays Close,,2007-12-01,S/2251/07/F,Business,Pavilion,A,2007-12-17,6ii
Thodays Close,,1999-04-01,S/0663/99/F,Business,Replacement,A,,
Thodays Close,,2002-08-01,S/1580/02/C,Extension,,A,,
Thodays Close,,2005-04-01,S/0632/05/C,Extension,,A,2005-04-26,3d
Thodays Close,,2009-09-01,S/1188/09/C,Extension,Three Classrooms,R,2009-09-08,7i
Thodays Close,,2005-03-01,S/0490/05/F,Fence,Replacement,A,2005-04-05,a
Thodays Close,,2000-11-01,S/2069/00/F,Mobile Unit,,A,,
Thodays Close,,2006-12-01,S/2282/06/F,Outbuilding,Canopy,A,2006-12-21,6iii
Thodays Close,,2005-06-01,S/1196/05/F,Renewel,Renewal of Consent,A,2005-06-30,3f
West Fen Road,,2012-09-01,S/1861/12/F,Agricultural,Building,N,2012-09-25,6ii
West Fen Road,,2007-02-01,S/0204/07/F,Agricultural,New Farm,A,2007-02-21,6ii
West Fen Road,,2012-03-01,S/0434/12/F,Alteration,,NC,2012-03-22,6v
West Fen Road,,2011-02-01,S/0052/11/,Change of Use,,R,2011-02-08,8ii
West Fen Road,,2010-10-01,S/1387/10/F,Extension,,A,2010-10-26,7ii
West Meadow Road,4,2000-06-01,S/1084/00/F,Extension,,A,,
Westfield Road,15,2010-03-01,S/1759/09/F,Amendment,,N,2010-03-09,7iii
Westfield Road,15,2009-12-01,S/1759/09/F,Extension,,A,2009-12-21,7v
Westfield Road,19,2008-07-01,S/1077/08/F,Conversion,Flats,R,2008-07-08,7v
Westfield Road,19,2008-04-01,S/0624/08/F,Garage,,A,2008-04-23,7iv
Westfield Road,24,2012-06-01,S/1200/12/F,Conservatory,,N,2012-06-27,6ii
Westfield Road,,2009-09-01,S/1177/09/F,Dwelling,Eight Dwellings,R,2009-09-08,7ii
Westfield Road,,2010-10-01,S/1568/10/O,Dwelling,Seven Dwellings,R,2010-10-26,7v
White Path,2,1999-03-01,S/0412/99/F,Extension,,A,,
Wilford Furlong,27,2005-10-01,S/1451/05/F,Extension,,R,2005-10-18,6vi
Wilford Furlong,55,2004-04-01,S/0708/04/F,Parking,,A,,
Wilford Furlong,,2000-09-01,S/1820/00/F,Development,,R,,
Willingham Road,,1999-08-01,S/1361/99/F,Alteration,,A,,
Willingham Road,,1997-09-01,S/1494/97/F,Change of Use,,R,,
Willingham Road,,1997-10-01,S/1538/97/F,Change of Use,,R,,
Willingham Road,,1997-04-01,S/0572/97/F,Development,,R,,
Willingham Road,,1997-09-01,S/1491/97/F,Development,,R,,
Willingham Road,,1998-12-01,S/2028/98/F,Extension,,N,,
